{
  "Hbottom": [
    [
      0.187988171542,
      -2.262428907095,
      329.043845337738
    ],
    [
      0.322692939096,
      -0.266346272333,
      552.992863198502
    ],
    [
      0.001275203016,
      -0.001087102745,
      1
    ]
  ],
  "image_shape": [
    1080,
    1920
  ],
  "p_head_height": 0.2581779,
  "unit": "cm"
}
