{
    "world_points":[
        [ -372,  -134, 0],
        [ -434,  -134, 0],
        [ -434,  -853, 0],
        [ -372,  -853, 0],
        [  394, -1016, 0],
        [  394,  -922, 0],
        [  394,   158, 0],
        [  394,    64, 0],
        [   63,  -318, 0],
        [   63,  -677, 0],
        [    1,  -677, 0],
        [    1,  -318, 0]
    ],
    "image_points":[
        [ 837.65675481,  698.1106681 ],
        [ 928.91305129,  757.42726082],
        [1584.20930696,  465.72555852],
        [1507.69185295,  453.10177084],
        [1033.87300163,  364.53848569],
        [ 992.50348056,  369.16213804],
        [  34.45875779,  478.26379342],
        [ 179.72024535,  462.51970581],
        [ 745.86812993,  462.7302607 ],
        [1033.76273361,  414.93097308],
        [1070.74054541,  423.01095766],
        [ 778.29263277,  475.29321085]
    ],
    "image_shape":[1080, 1920],
    "unit":"cm",
    "undistorted":true
}

