{
  "Hbottom": [
    [
      0.187988171542,
      -2.262428907095,
      329.043845337738
    ],
    [
      0.322692939096,
      -0.266346272333,
      552.992863198502
    ],
    [
      0.001275203016,
      -0.001087102745,
      1
    ]
  ],
  "image_shape": [
    1080,
    1920
  ],
  "Htop": [
    [
      21.40756695,
      -421.02141952,
      278.83214022
    ],
    [
      52.89272693,
      -42.63601595,
      264.08041961
    ],
    [
      0.23138965,
      -0.19379133,
      1
    ]
  ],
  "unit": "cm"
}

[[  21.40754335 -421.0213955   278.83217317]
 [  52.892714    -42.63601296  264.08042038]
 [   0.23138961   -0.19379132    1.        ]]
